<application>
  <component name="libraryTable">
    <library name="Bundled Protobuf Distribution">
      <CLASSES />
      <JAVADOC />
      <SOURCES>
        <root url="jar://$APPLICATION_PLUGINS_DIR$/protobuf-jetbrains-plugin/lib/protobuf-java-3.6.1-sources.jar!/" />
      </SOURCES>
    </library>
    <library name="Python 3.8 interpreter library">
      <CLASSES>
        <root url="file:///Library/Frameworks/Python.framework/Versions/3.8/lib/python3.8" />
        <root url="file:///Library/Frameworks/Python.framework/Versions/3.8/lib/python3.8/lib-dynload" />
        <root url="file://$USER_HOME$/Library/Python/3.8/lib/python/site-packages" />
        <root url="file:///Library/Frameworks/Python.framework/Versions/3.8/lib/python3.8/site-packages" />
        <root url="file:///Library/Frameworks/Python.framework/Versions/3.8/lib/python3.8/site-packages/six-1.12.0-py3.8.egg" />
        <root url="file:///Library/Frameworks/Python.framework/Versions/3.8/lib/python3.8/site-packages/beautifulsoup4-4.8.0-py3.8.egg" />
        <root url="file://$USER_HOME$/Library/Caches/IdeaIC2019.3/python_stubs/-1199943125" />
        <root url="file://$APPLICATION_PLUGINS_DIR$/python-ce/helpers/python-skeletons" />
        <root url="file://$APPLICATION_PLUGINS_DIR$/python-ce/helpers/typeshed/stdlib/3" />
        <root url="file://$APPLICATION_PLUGINS_DIR$/python-ce/helpers/typeshed/stdlib/2and3" />
        <root url="file://$APPLICATION_PLUGINS_DIR$/python-ce/helpers/typeshed/third_party/3" />
        <root url="file://$APPLICATION_PLUGINS_DIR$/python-ce/helpers/typeshed/third_party/2and3" />
      </CLASSES>
      <JAVADOC />
      <SOURCES>
        <root url="file:///Library/Frameworks/Python.framework/Versions/3.8/lib/python3.8" />
        <root url="file:///Library/Frameworks/Python.framework/Versions/3.8/lib/python3.8/lib-dynload" />
        <root url="file://$USER_HOME$/Library/Python/3.8/lib/python/site-packages" />
        <root url="file:///Library/Frameworks/Python.framework/Versions/3.8/lib/python3.8/site-packages" />
        <root url="file:///Library/Frameworks/Python.framework/Versions/3.8/lib/python3.8/site-packages/six-1.12.0-py3.8.egg" />
        <root url="file:///Library/Frameworks/Python.framework/Versions/3.8/lib/python3.8/site-packages/beautifulsoup4-4.8.0-py3.8.egg" />
        <root url="file://$USER_HOME$/Library/Caches/IdeaIC2019.3/python_stubs/-1199943125" />
        <root url="file://$APPLICATION_PLUGINS_DIR$/python-ce/helpers/python-skeletons" />
        <root url="file://$APPLICATION_PLUGINS_DIR$/python-ce/helpers/typeshed/stdlib/3" />
        <root url="file://$APPLICATION_PLUGINS_DIR$/python-ce/helpers/typeshed/stdlib/2and3" />
        <root url="file://$APPLICATION_PLUGINS_DIR$/python-ce/helpers/typeshed/third_party/3" />
        <root url="file://$APPLICATION_PLUGINS_DIR$/python-ce/helpers/typeshed/third_party/2and3" />
      </SOURCES>
    </library>
    <library name="scala-sdk-2.12.10" type="Scala">
      <properties>
        <compiler-classpath>
          <root url="file://$USER_HOME$/.ivy2/cache/org.scala-lang/scala-compiler/jars/scala-compiler-2.12.10.jar" />
          <root url="file://$USER_HOME$/.ivy2/cache/org.scala-lang/scala-reflect/jars/scala-reflect-2.12.10.jar" />
          <root url="file://$USER_HOME$/.ivy2/cache/org.scala-lang/scala-library/jars/scala-library-2.12.10.jar" />
        </compiler-classpath>
      </properties>
      <CLASSES>
        <root url="jar://$USER_HOME$/.ivy2/cache/org.scala-lang/scala-reflect/jars/scala-reflect-2.12.10.jar!/" />
        <root url="jar://$USER_HOME$/.ivy2/cache/org.scala-lang/scala-library/jars/scala-library-2.12.10.jar!/" />
        <root url="jar://$USER_HOME$/.ivy2/cache/org.scala-lang/scala-reflect/srcs/scala-reflect-2.12.10-sources.jar!/" />
        <root url="jar://$USER_HOME$/.ivy2/cache/org.scala-lang/scala-library/srcs/scala-library-2.12.10-sources.jar!/" />
      </CLASSES>
      <JAVADOC />
      <SOURCES />
    </library>
  </component>
</application>